comp_idx,imf_idx,sn1a_idx,sy_idx,sn1ar_idx,sigma_2,t_1,t_2,infall_1,infall_2,sfe,delta_sfe,imf_upper,mgal,nb,ks,ensemble,wrmse,mae,mape,huber,cosine,log_cosh,fitness,age_meta_fitness,physics_penalty,loss
4,2,1,1,2,4.51184415190215,0.06321527144747573,8.420633958629443,0.007883563046612621,2.12107067168587,8.316253324167551,0.7851294148773225,64.46442726495738,17509297723.562984,0.0,0.079153462103904,0.1199392709568023,0.13304460001531818,0.10173394287635495,1498142.1828430952,0.008850432796617999,0.04902332397511533,0.008753356087776793,0.1199392709568023,0.41154770222506337,1.0,0.1199392709568023
4,2,1,1,2,4.51371240695998,0.06366874349280226,8.255237060469835,0.007871454129690368,2.246287042631068,8.249625275602199,0.781105839316254,63.30200003097488,17493617733.719776,0.0,0.08332490945080633,0.12530756336978738,0.13881405890687248,0.10343176936383623,1608219.034067947,0.009634671475100333,0.05335268505300872,0.009519625068831018,0.12530756336978738,0.40513000772917057,1.0,0.12530756336978738
4,2,1,1,2,4.366986284904423,0.06441867073200702,8.56778193630118,0.008758019295134147,2.2259238175401874,8.124600384259177,0.7940603471993088,65.18499056989215,17547353864.18824,0.0,0.08535948795706261,0.13305662509941,0.1473856203474165,0.10991393117882302,1677897.855966727,0.010861260542596398,0.05935620758246052,0.010719886492930214,0.13305662509941,0.3836653237601348,1.0,0.13305662509941
4,2,1,1,2,4.366986284904423,0.06441867073200702,8.56778193630118,0.008758019295134147,2.2259238175401874,8.124600384259177,0.7940603471993088,65.18499056989215,17547353864.18824,0.0,0.08535948795706261,0.13305662509941,0.1473856203474165,0.10991393117882302,1677897.855966727,0.010861260542596398,0.05935620758246052,0.010719886492930214,0.13305662509941,0.3836653237601348,1.0,0.13305662509941
4,2,1,1,2,2.5565987362411513,0.05838723443656076,5.012835915010014,0.009852992099801065,1.9660652146018145,7.619082421815873,0.7180047555984048,76.7893592964737,18569657834.736404,0.0,0.15424668887953033,0.13830459937476985,0.1467964563580252,0.12040242437906064,2878752.3399800896,0.010774599799636802,0.05932883625079066,0.01065308121927656,0.5367902436417263,0.38769325207277827,3.8812175883403777,0.13830459937476985
3,2,0,2,1,1.2638227962623003,0.07093932622734808,7.6765313672736895,0.07773207831714424,0.5714224148601615,11.903860120212816,0.0390455529041241,87.80815966266977,13496174787.967133,0.0005557705220709784,0.15565221109709723,0.1698029603714896,0.18044712923720252,0.1517304955669964,2968002.850467955,0.016280583224973836,0.08144179138569652,0.0160803415253858,0.1698029603714896,0.4858812233262108,1.0,0.1698029603714896
4,2,1,1,2,4.4151928543046495,0.06411986488184633,8.782676858364729,0.009120172536606047,2.009035985765999,8.13446995482671,0.784673421873501,65.5210180765212,17371601423.23574,0.0,0.14317665257898438,0.1776833510981089,0.1932704525729441,0.13480039678265468,1146270.0590963096,0.018676733918875317,0.10621594172426851,0.0182779952547428,0.1776833510981089,0.38738706704544124,1.0,0.1776833510981089
3,1,0,3,0,0.14010648506991327,0.020176247807768204,6.6848547078427405,0.05014058682305706,4.973120890578249,1.487475344057571,0.2685490902857488,66.13236223879014,12911605229.605305,0.0009479937928667523,0.20347664179977493,0.20254721191371108,0.1781292028391859,0.11602249748522006,390549.9124448756,0.015865006452061917,0.08957560542130683,0.015557221185240154,0.20254721191371108,0.8483424160335957,1.0,0.20254721191371108
4,2,0,3,0,2.438621211921952,0.06397600315515412,5.392345907090065,0.030816010456482395,2.7213867748470997,1.0698180323224973,0.5888564875859619,88.79207022327546,16947825668.404266,0.0007737242699696195,0.22627310067471254,0.21556303721012876,0.17507198599384055,0.1493867449314218,4663950.078485625,0.01532510013991375,0.08559221339528222,0.01517250222335307,0.21556303721012876,0.46066230118419266,1.0,0.21556303721012876
4,2,0,1,0,2.459953212993954,0.0638524983181548,5.422486626074247,0.030583706640830672,2.7426351689841475,1.0233402160429323,0.5875260758035924,88.84416718494552,16965020343.268147,0.0007760969007561474,0.21651081245875223,0.22671613708078736,0.19083190534442232,0.15279045950794085,4234269.0621679565,0.01820840804869128,0.10262957561433206,0.017854096278381127,0.22671613708078736,0.41742555981841845,1.0,0.22671613708078736
4,1,0,1,1,1.0478962026994525,0.056694010574283,2.319497960386274,0.09695043602947759,7.624517834872174,3.870067673394946,0.20071345518269978,86.90928437975143,18381378855.42,0.0007109544058684854,0.22087530979489214,0.22897154540041686,0.19035538927436169,0.16535804662826167,6043517.494218852,0.018117587112896887,0.09288639443752389,0.017930699884896643,0.22897154540041686,0.535105330495087,1.0,0.22897154540041686
5,1,1,0,1,0.8601006366916245,0.05170387472990167,1.191966312841902,0.009859281003783738,1.9618631820955714,6.89036498748914,0.6625283959573071,87.55382065815397,19859295356.925858,0.0,0.1836029453110336,0.23154542887921906,0.219822497694716,0.15841585901144137,2488136.3579312223,0.02416096524637171,0.1374649157062947,0.02339016821842707,0.23154542887921906,0.2762056966386355,1.0,0.23154542887921906
2,1,1,1,1,1.63970997185243,0.08467657755886658,1.05149316998305,0.021643519478246886,0.7133481800404434,9.747840326310714,0.4062866302135403,107.59899984010904,13621389302.708313,0.0005428107904006401,0.16185140234234396,0.2440390853460697,0.25219453143705606,0.17537659013844106,1850071.4603529621,0.031801040843378134,0.17891790251409645,0.030551704945748957,0.2440390853460697,0.21265937740423232,1.0,0.2440390853460697
4,0,0,3,1,1.6491076344535356,0.04114543828492067,6.63679632473595,0.014397145781701644,3.5404077396592966,1.348473900907461,0.13186228682949727,71.92290729215041,15382285399.843912,0.0,0.25260347534768857,0.2475865982040142,0.18531035796343862,0.15274880319447184,6472053.339132998,0.017169964384268877,0.090786520391956,0.0169755874009746,0.2475865982040142,0.512967086593459,1.0,0.2475865982040142
3,0,1,3,1,2.3436175346645918,0.06357965564692672,5.015554442180193,0.053813702547063774,3.020510447063022,6.860817158239933,0.09700483318602873,99.21166697655777,14813330265.284061,0.0007243932127228761,0.2193327853475835,0.24851621805580792,0.20904368183728386,0.18978927186935857,6004988.560059332,0.021849630458043782,0.09625418687428844,0.021629164163946998,0.24851621805580792,0.5482512366612271,1.0,0.24851621805580792
3,0,1,3,1,3.3801168631500063,0.057325908416607084,1.8411332842319115,0.02972697363699353,5.3533754577907375,2.158510568280696,0.1588598244963562,113.21786127254997,16122537793.648006,0.0009294220126298383,0.1769125839177964,0.24882796641914265,0.24249912097377097,0.1812552010653504,2511319.7708421415,0.029402911836525804,0.16409686135712587,0.02847533428938724,0.24882796641914265,0.38674384126958533,1.0,0.24882796641914265
5,1,0,0,1,0.8745973895169683,0.05364677620053458,1.4840671346945917,0.010135022964594826,2.145179645135319,7.1561621003416915,0.6687866782505495,86.35875272268133,19798560231.410885,0.0,0.20959033038591435,0.2556623309936422,0.22088653496536909,0.17919496991892087,2975294.41097444,0.02439543066450361,0.139985719526856,0.023842982814748753,0.2556623309936422,0.3337145494569045,1.0,0.2556623309936422
1,2,1,2,2,0.10364682039573468,0.0195419366731662,9.74756837427672,0.028033569069130067,6.904128363792842,9.456254692768898,0.5413342945267885,92.58271912083134,12973919282.294056,0.0009293570265397333,0.24732520846587944,0.2558397245055104,0.19518034244874427,0.1246103130020803,477856.8012104392,0.01904768303920454,0.0985609406423813,0.01859161906226667,0.2558397245055104,0.4269094893765034,1.0,0.2558397245055104
1,2,1,2,2,0.10364682039573468,0.0195419366731662,9.74756837427672,0.028033569069130067,6.904128363792842,9.456254692768898,0.5413342945267885,92.58271912083134,12973919282.294056,0.0009293570265397333,0.24732520846587944,0.2558397245055104,0.19518034244874427,0.1246103130020803,477856.8012104392,0.01904768303920454,0.0985609406423813,0.01859161906226667,0.2558397245055104,0.4269094893765034,1.0,0.2558397245055104
4,1,0,1,1,1.0052177551649424,0.05975481573803303,2.5478299275077574,0.08663515780059962,7.510388755006841,3.447206405166486,0.20233459127406248,85.25164805575929,16959005525.475937,0.000793657706772548,0.2180720324264811,0.2641965886664319,0.2219080923330864,0.1630543206937778,3456601.0814983374,0.024621600721454796,0.1379624635982899,0.023793760557903623,0.2641965886664319,0.3496390148432133,1.0,0.2641965886664319
4,0,0,3,1,1.618264544923683,0.039968191879304525,6.64925989362545,0.01193719721822088,3.592508207999347,1.7113030650575105,0.13949973625856166,72.38295532306807,15228017539.145416,0.0,0.224750030268242,0.26567914045240515,0.21798492702806502,0.1735300181980743,3935716.9026745367,0.023758714205715417,0.1362650586332329,0.02321217578523175,0.26567914045240515,0.5396084121393042,1.0,0.26567914045240515
2,2,1,2,0,1.5476936563859636,0.04761735708650275,6.574337724386845,0.033368462659244855,2.778511454010769,1.435603673847724,0.7311889464840045,92.87261226844885,19093958750.883034,0.0011049329382476559,0.19626205019587306,0.27329172009426694,0.24744306240691466,0.19463329959483855,3940433.6444869395,0.03061403456665613,0.1789227268292536,0.02976118616700448,0.27329172009426694,0.5495303282252041,1.0,0.27329172009426694
4,2,1,0,1,2.02071098469777,0.05308498008170232,2.5371992263201677,0.008355197157355193,3.187481947860379,2.813231779961028,0.3684141975639481,96.93354335361431,13864258844.424072,0.0,0.19678944073874158,0.2746266823359272,0.24816900038048817,0.17059618005110622,925474.9544661735,0.03079392637492537,0.1801685099103707,0.029804183486228094,0.2746266823359272,0.4544355308079179,1.0,0.2746266823359272
4,0,0,3,0,1.6659130736880825,0.041269714241290154,6.6390514612141525,0.015366013517470814,3.3852744892164495,1.130551418691455,0.15571198633858796,72.56844347457991,15408268109.707598,0.0,0.24833524758904407,0.2786166826630999,0.2131549674111549,0.17854547280347158,6876625.944283134,0.022717520066025253,0.10457333479976405,0.022388930042577925,0.2786166826630999,0.5122367682181462,1.0,0.2786166826630999
3,0,1,3,1,4.926443889586525,0.05554918465278,1.9961136013403804,0.006222383068055725,2.497721594996274,5.575469316397417,0.42922776557824754,128.78090186515828,16893187051.737766,0.0,0.20845062269996295,0.2806179747730051,0.24339048233399324,0.16461104320119724,2132796.868816275,0.02961946344538694,0.17312310113701646,0.028240579120632943,1.0,0.4363646729416737,47.61716412188794,0.2806179747730051
4,1,0,1,1,0.959782124415258,0.060340382956796564,2.627266964488433,0.08464446800370287,7.061834293593248,3.4647439552562975,0.18559615249175931,84.93343381804354,17146219823.063753,0.0007883132151597548,0.23045166852457932,0.2872063945089142,0.23155761183197773,0.17037010354526605,3578706.1738468925,0.026809463798664435,0.15192362660911152,0.025893056934113395,0.2872063945089142,0.3570271051792478,1.0,0.2872063945089142
2,1,1,1,1,1.7104019855840058,0.08328023484240643,1.0335933509786175,0.019912512831705694,0.7628320101666772,9.556273975797414,0.4109420613519777,107.39048714498972,13541118987.230831,0.0005388947526292821,0.24467445335480645,0.296616427985179,0.2284677114097552,0.1725619921753736,3799559.4836650705,0.02609874757840559,0.14812474276727228,0.025289493904114536,0.296616427985179,0.197276088605233,1.0,0.296616427985179
3,0,1,3,1,3.385449107378723,0.058082184338505725,1.771738161498574,0.029466667608342656,5.719036480152045,1.997015743113507,0.162054141892912,113.21417862573242,16273028814.121208,0.000952962268095858,0.19963002046105452,0.2999447663704255,0.26838320500752777,0.19513438084815182,2573939.7725364515,0.03601477236505634,0.20709296460970816,0.03449563673988996,0.2999447663704255,0.3849264734216467,1.0,0.2999447663704255
1,0,0,2,2,0.3258214454052964,0.02146524468574519,2.712441651848757,0.00559048248719281,3.932358075060117,2.171587652382015,0.7275122626477278,123.49080503079706,12264689213.59385,0.0,0.22272965016043755,0.30508145224966876,0.2524019187896937,0.17128815402348585,1129571.9776027543,0.03185336430435956,0.18116359578460717,0.030675467015979604,0.30508145224966876,0.3064725474612191,1.0,0.30508145224966876
2,0,0,1,1,1.8467800384784896,0.01525468713389155,2.9015991491865822,0.02786654195722037,5.278141176564131,2.099511502570399,0.3745883467960834,91.44831709709615,17845036600.48514,0.0013202163050010573,0.23999848092054443,0.3057407005290333,0.23911677823488575,0.16542847972415556,537168.7727605734,0.028588416816715763,0.16263473327155564,0.027741871907423218,0.3057407005290333,0.724412624225681,1.0,0.3057407005290333
1,2,0,3,1,3.9043325732867284,0.05584728438470236,2.6586534808365148,0.023309038066903053,1.6926688021872403,10.04609766031043,0.6968063503477244,112.31802203559313,18094849603.57776,0.0009076746193560293,0.23173206754165188,0.3110024926409253,0.24965594883536166,0.19846208068520232,1970105.3112901326,0.03116404639444236,0.1805082120725533,0.030349409160484744,0.3110024926409253,0.5620368353393155,1.0,0.3110024926409253
1,1,1,1,0,2.3569990695365632,0.09634572677222143,7.681222899778298,0.015159331754980465,4.703972553178994,1.1839464631330012,0.2681546022821337,89.34010832018245,17367751525.496807,0.0,0.2452665678244884,0.3133638125486493,0.24120885851930093,0.1562573778546219,1383619.9543427099,0.02909085671409207,0.16309017899845213,0.02793851979964076,0.3133638125486493,0.3267215009502566,1.0,0.3133638125486493
1,1,1,1,0,2.3569990695365632,0.09634572677222143,7.681222899778298,0.015159331754980465,4.703972553178994,1.1839464631330012,0.2681546022821337,89.34010832018245,17367751525.496807,0.0,0.2452665678244884,0.3133638125486493,0.24120885851930093,0.1562573778546219,1383619.9543427099,0.02909085671409207,0.16309017899845213,0.02793851979964076,0.3133638125486493,0.3267215009502566,1.0,0.3133638125486493
3,0,1,3,1,3.469875755724113,0.056334808727978074,1.9100479054042159,0.028266146389856882,5.565390197605193,1.6744963111063889,0.1607680911518912,112.73430815881161,16211039104.28582,0.0009232447673629176,0.21707650469868392,0.3186597399313769,0.26823071757371314,0.1986794096569154,2972223.2336815572,0.03597385892505454,0.21199357685501763,0.03446158711134478,0.3186597399313769,0.3956107887541088,1.0,0.3186597399313769
1,2,1,2,2,0.11763189373778592,0.03620398384873148,9.000378449148393,0.0196098578090351,8.084920649798056,9.447616730692593,0.3660680715312644,93.66786529376711,13145877704.904785,0.0010025134384642244,0.2571273402694867,0.3288018288950242,0.24363187941781708,0.17735739090487443,1297982.3153247498,0.029678246334328882,0.17487807398599264,0.02875422060200804,0.4771967568892573,0.4362254583323251,1.4513202633115851,0.3288018288950242
3,0,1,3,1,3.9289342120351303,0.053259385050079766,0.21209061893686468,0.02836997480789227,6.866909082635892,2.480310783694907,0.08896204685466545,125.95954150441236,15730431641.185997,0.0010089935968110649,0.2175508434923957,0.33620366492178416,0.28248175128214664,0.20260276328188756,2533719.220773667,0.039897969903714275,0.23405960222592825,0.038154098170733765,1.0,0.2513615037181058,3.6483395619211816,0.33620366492178416
4,1,0,1,1,1.258748198903403,0.04151998095689176,2.0423508233760916,0.058284404953028196,7.8045119549187305,4.467372444587351,0.4951708585914598,80.01075525570835,15817253964.628195,0.0006656776785179138,0.2737364119637778,0.34552084252203397,0.24394015873591188,0.19110120002005654,3390084.032679217,0.02975340052205094,0.17204795344695667,0.028831092055591714,0.34552084252203397,0.35004539351878866,1.0,0.34552084252203397
4,0,0,1,1,2.146186972180694,0.05367114085077139,0.9336673919568689,0.06038557480419093,9.559778958996768,3.9798952152830225,0.23759090325552507,96.2626759341724,18338337786.437836,0.0009849736007784252,0.30214547550368054,0.36404457788914807,0.23728416221569684,0.200022565628424,6838227.696837456,0.028151886819202564,0.1621515482470982,0.027658751128439997,0.1468811476031024,0.36386965272827815,0.4034702245938349,0.36404457788914807
1,1,1,0,0,0.29244049631245994,0.04476812641215929,5.21629938640491,0.0021213623092084647,3.789696764770141,5.046041944413394,0.7123615340881019,98.34473055998828,13917745331.134254,0.0,0.3090383006744126,0.36891731725469723,0.2361998579336276,0.15621953282370518,742563.9008362686,0.027895186443932934,0.15723828430785702,0.026922107003253884,0.36891731725469723,0.3288154949312502,1.0,0.36891731725469723
4,0,0,1,1,1.0087282982137917,0.060606914775213426,2.237041097376101,0.08661240516849196,7.745676417610835,3.322009054686948,0.19477409688578678,83.06739065134236,16929542060.622221,0.0008055432574746263,0.27262329262919316,0.3753546838704241,0.2656375349968039,0.1818523615971138,3578796.1757885385,0.03528164999958912,0.21290780115812935,0.03315625430843096,0.3753546838704241,0.4331519057599449,1.0,0.3753546838704241
3,0,0,1,2,2.0983215896645175,0.00885424632280933,6.726687180674606,0.06618846292767439,6.338976708972423,1.1600945833975163,0.1418865924614004,61.67240870798375,16280125045.655457,0.0006902140614058933,0.26086096417626436,0.3854570834066245,0.28210840760373673,0.16969376204368322,823784.1984559927,0.039792576820358035,0.2443012561786999,0.03699956935100652,0.3854570834066245,0.927812486995776,1.0,0.3854570834066245
4,2,0,3,0,1.8877701468537649,0.0603603658986959,1.698166243024945,0.0417826228348005,4.501191329383334,4.110493004213495,0.25580839308089376,114.17557554112132,16283093766.616838,0.0008704641485722563,0.2670788078430165,0.4068968784190301,0.29249601652742824,0.22534328655728453,2707252.8054549913,0.04277695984220679,0.260076012215803,0.0411746529439388,0.4068968784190301,0.6085001432133523,1.0,0.4068968784190301
1,2,1,2,2,0.15262122745202364,0.020189014738650174,9.861440725607636,0.027979733520523055,7.022236179516173,8.553955413915503,0.5124080638617242,92.70861264270398,12892611946.275436,0.0009498969469633335,0.3581132098945631,0.42530208030262284,0.24048885378261178,0.1454038468759616,295807.9211091073,0.028917444396837216,0.16654724584774017,0.02778418164958661,0.42530208030262284,0.42987858470141527,1.0,0.42530208030262284
1,2,1,0,2,0.11346716042226637,0.019684328816871655,9.742529235022303,0.02847612281345507,6.876704227613737,9.54113364411748,0.5438654498545793,92.59129075217415,12970699540.711508,0.0009356679830850669,0.36163921640203145,0.45537232307439174,0.2555821626743763,0.1657711146377968,513421.4353668529,0.03266112093865567,0.19292637040757776,0.031358533059321014,0.45537232307439174,0.4526374908745949,1.0,0.45537232307439174
1,2,1,1,0,1.9397035522159936,0.09151014156366692,4.165198839682246,0.026146792472087066,6.604533291772657,4.121471726044675,0.0985209519023613,116.39344659616013,16512679352.184717,0.0010162957898045867,0.3344681156973826,0.45718958580555547,0.2746086645188821,0.1726716929009692,948698.2462092148,0.03770495931442197,0.22096567613301732,0.0359888472583,0.448685228252335,0.3791251667940219,0.9813986192659309,0.45718958580555547
1,2,1,2,2,0.14117027484124625,0.018586044786452146,9.74358670633145,0.02831939150478869,6.905685922135845,9.207709462567731,0.5369627170397359,91.55621264801692,12997922231.338343,0.0009317515807530494,0.3867622962001187,0.48889248059338536,0.25930508197561075,0.15563475431350074,293203.44307259744,0.0336195627691891,0.19331290391424516,0.032086271027784476,0.48889248059338536,0.4599523020222463,1.0,0.48889248059338536
1,2,1,2,2,0.7016335999356705,0.011247095010915833,9.60108943936597,0.00782568787040755,6.718300785291426,4.79343255806551,0.7571512316465399,99.50200543220221,11569278611.60988,0.0,0.39706915414994076,0.4901127509231182,0.25346744202556015,0.15619417264859786,190602.54095626966,0.03212287208349035,0.1918872598796677,0.030775326185646816,0.4901127509231182,0.3394176755618745,1.0,0.4901127509231182
1,0,0,2,2,0.41466574998025846,0.024936975178738243,5.30772021972005,0.05165694041813038,8.224518665190807,2.0180896947431775,0.04554238578046325,108.21442268878685,14166683510.873583,0.0006138827634918605,0.3501028015033175,0.4906232544913255,0.28349494798325275,0.18448790047652286,245661.6787343276,0.04018469276601359,0.24042281550963807,0.038444919329105896,0.4906232544913255,0.3885838899670738,1.0,0.4906232544913255
2,1,0,3,0,0.7913629095685358,0.012203339139285976,9.206949065799881,0.09234702829177834,7.257176551050482,2.0740942209516824,0.8378709672085797,106.97655381013946,10603560746.660814,0.0011060819997270096,0.40124930813481435,0.5300994970037066,0.272532399328504,0.17226643317633492,248300.41809511796,0.03713695434187558,0.21634577876693706,0.0354600066474682,0.5300994970037066,0.6048334940038711,1.0,0.5300994970037066
4,1,0,0,2,0.10297637577836853,0.08984822365012039,9.549027864887442,0.047160697532144726,1.9898975443357054,1.866376163238269,0.818293945719937,99.03775253118354,14926977419.403408,0.0008300903347348563,0.3582203351636619,0.5376266752116533,0.30722974013153376,0.2736440532436526,9031850.333349867,0.04719505661064489,0.23814362778026155,0.0460286214000118,0.5376266752116533,0.4514344470379196,1.0,0.5376266752116533
2,0,1,1,1,0.5968036758372042,0.06793390192219428,4.144300397129714,0.0042634106616742575,7.9187512018787505,4.689358192409119,0.25945836794181293,73.42761935190303,15880521189.414833,0.0,0.3819674154997859,0.5377085194829367,0.28976633152330455,0.24045597069280614,9452023.673989495,0.04198226344223682,0.22828899726662166,0.040962632503743476,0.5377085194829367,0.3567702023803923,1.0,0.5377085194829367
1,2,0,3,1,3.8565643104562852,0.05637473225320685,2.6219782078937244,0.02408646716782375,1.5798379102721123,10.303682388644859,0.695790802074555,112.57536135088709,18047750606.26697,0.000910962002311318,0.3837583975028698,0.5409628936414113,0.28875245609436473,0.19946307175414874,796377.3196689234,0.041688990450264016,0.2570115368167001,0.03994059797648973,0.5409628936414113,0.4322315985161869,1.0,0.5409628936414113
2,1,0,3,0,0.8012792887876198,0.012106721232864081,9.234598685007292,0.09235318505288914,7.103897951618658,2.0389598446309023,0.835232073489849,107.12961486080088,10658128646.851452,0.0011109473305386812,0.40675606034505624,0.5496185388284618,0.2790902585145555,0.17144865313799884,410650.34903769044,0.038945686198860706,0.23267422759717404,0.037031175193415866,0.5496185388284618,0.6100285752064825,1.0,0.5496185388284618
3,2,1,2,1,1.3325354913962433,0.06936746659238494,7.49215389023501,0.07754763513734557,0.5022095717029014,11.63703274842026,0.080313224669601,87.93972423010219,13563843298.122065,0.0005860843716101258,0.36968492614293236,0.6062944261415109,0.34164872897884785,0.2952389637703294,7146510.522424003,0.058361927006431114,0.2181922045244178,0.05651015911791951,0.6062944261415109,0.35699651697302265,1.0,0.6062944261415109
5,1,0,0,1,1.465961285864535,0.08065528915371424,0.3212929434589383,0.03661243300516323,1.4878413816803637,8.938928384580553,0.41687064121069306,83.75080917873387,19880233173.42281,0.0011903842723497413,0.3420960630734947,0.608605484240442,0.3639287565548335,0.3210276335880349,10877739.137261927,0.06622206992377362,0.2880744572369467,0.06379601925334599,1.0,0.5948949412402856,1.9266206133016697,0.608605484240442
1,2,0,3,1,3.9364518505855757,0.05423035650724505,2.6445215497697467,0.021976061415985845,1.6580905791179268,9.534732507341966,0.6935505302153517,111.9916069159092,17929924657.720833,0.0008951304317284306,0.4260138124997377,0.6101758535035219,0.2972468132378225,0.20338219694909532,561267.8215636509,0.044177833990020454,0.27661092208193505,0.04222675712373641,0.6101758535035219,0.4307501889051351,1.0,0.6101758535035219
1,1,1,3,0,0.10731905589672258,0.02068286912680032,6.957410373230712,0.049255258093624306,4.760188831307092,1.4201080118593765,0.26697173971965643,66.77756894488515,12877199269.96851,0.0009509225157134609,0.4356098469151645,0.6384478758913976,0.30497570507394367,0.21504491461390426,274486.6722801264,0.04650509034267454,0.2933068362990655,0.04474281607183022,0.6384478758913976,0.584805697354083,1.0,0.6384478758913976
3,2,1,2,1,1.3237573362775676,0.07655939736705325,6.949300817735855,0.06960104892283984,3.2930043686316766,8.515603261022102,0.05748010593470535,93.96087909423021,12436373916.49777,0.0007699914466257104,0.3948357038022777,0.6764523304067598,0.3592421078949708,0.30105634738643894,9313651.132022146,0.06452744604241091,0.26864149339377397,0.06200497331911783,0.6764523304067598,0.43083531908109735,1.0,0.6764523304067598
5,0,0,1,2,3.8434386799461038,0.03527773214443097,6.273573471876019,0.09662586046030931,6.643590163754862,17.0718072856903,0.15285305965484747,66.84736488264598,14239236901.055986,0.0012361690279595258,0.4116855559760285,0.6826321155483945,0.34710954220715473,0.28352344131670937,10766101.6864094,0.060242517145630274,0.2976355947062541,0.05780422695152194,0.6826321155483945,0.547741277162947,1.0,0.6826321155483945
0,0,1,3,1,0.14995772039391556,0.0787423855868322,0.5844245435284178,0.043450712312388305,7.85909065403981,1.453543380118695,0.771672019700307,120.94486920466825,16696398616.373453,0.001179590750467265,0.3418277693363917,0.7403035995102337,0.4311729319057759,0.3449180188229918,5107110.594724681,0.09295504860411141,0.6130169351392161,0.08594727074206554,0.7403035995102337,0.5456836880417054,1.0,0.7403035995102337
4,0,0,3,0,0.25454677517616664,0.021103568543529433,9.055736823013792,0.01457469113983188,4.0788167525710195,4.620050973892662,0.3421647994759808,61.65570568485482,13609263735.415562,0.0,0.40088162924508325,0.791708094957182,0.4226670626754078,0.3437153226561382,14008263.810398739,0.08932372293532857,0.22760024322389405,0.08467208930518078,0.791708094957182,0.3981867852119501,1.0,0.791708094957182
0,0,1,3,1,0.20962083380579905,0.07974191992492279,0.6128099635764306,0.04171855183289801,7.963050728803454,1.5196900415441577,0.7698042966336098,120.7529584087326,16503189382.003586,0.0011941275571607703,0.3781624399235687,0.8157282140731617,0.43591694470628917,0.3426229357179843,4348979.987336117,0.09501179134103299,0.6460609023230154,0.08764223896818506,0.8157282140731617,0.5438437796636585,1.0,0.8157282140731617
5,1,0,0,2,0.5724292559722193,0.03761236751929545,3.353775855474233,0.09892673428993332,2.6756004281804895,7.740311260032827,0.45453988012920743,75.2596247378457,12137471084.712574,0.001191080431569322,0.4151878053993675,0.848071168675576,0.439585450085681,0.36225102530897996,12800363.32766138,0.09661768396351537,0.24594103128304312,0.0912153458766286,0.848071168675576,0.41661406638860854,1.0,0.848071168675576
2,1,0,3,2,0.10473627781979565,0.09975363650813202,0.804487827482111,0.06748264642425758,3.585962864625237,1.6946055626288834,0.15251514559910145,90.72007343761196,15715724647.628109,0.0008384812453457431,0.43460552657475937,0.8532222785412454,0.40554545367974776,0.30612798275899544,2265598.1324820737,0.0822335575001562,0.5688120549602581,0.07678258939397505,0.8532222785412454,0.49200881958468634,1.0,0.8532222785412454
1,2,1,3,1,0.8693374893101343,0.012765578864747995,5.303437108071779,0.013896081458255986,7.937863548983276,1.683315700090871,0.6679523311223077,79.90586987522008,14465616607.824577,0.0,0.5232313537878808,0.9032912357296553,0.3656839126867822,0.2553740827845539,128225.91684448937,0.06686236199895707,0.4401170003268635,0.06316391183272196,0.9032912357296553,0.52079356770834,1.0,0.9032912357296553
1,2,1,2,2,0.8274071705234934,0.02451499099469759,8.683731414968472,0.03197482508390476,7.5697036081851525,3.776921413975711,0.4549588537149386,80.18847330190461,12282183955.449034,0.0008786110429289509,0.4099772535327605,0.9808887472899199,0.5173901724872102,0.42807060686938003,18580317.215230145,0.13384629529317257,0.27752879122490515,0.12433963085099091,0.9808887472899199,0.5467023164127811,1.0,0.9808887472899199
0,1,0,1,0,0.12467569299038374,0.03210002991067272,8.723539338203976,0.013387369639460536,0.15010376966047245,3.3423913768651228,0.49405817374440275,102.8702559937283,10879352332.295004,0.0,0.5586033829258736,1.0268306058162269,0.3908461148033192,0.2766563154780272,311668.50671169616,0.07638034272842469,0.5161480491230523,0.07182471824498682,1.0,0.3256427769984552,1.0,1.0268306058162269
0,1,0,1,0,0.12467569299038374,0.03210002991067272,8.723539338203976,0.013387369639460536,0.15010376966047245,3.3423913768651228,0.49405817374440275,102.8702559937283,10879352332.295004,0.0,0.5586033829258736,1.0268306058162269,0.3908461148033192,0.2766563154780272,311668.50671169616,0.07638034272842469,0.5161480491230523,0.07182471824498682,1.0,0.3256427769984552,1.0,1.0268306058162269
1,2,1,1,0,2.4648998467238554,0.09528479825425504,7.745014827747774,0.014987448351543153,4.940153008351803,1.0535868817200276,0.2595227159859762,90.83111275274531,17270943922.405296,0.0,0.4955320386992226,1.1074315650467716,0.4890555952278804,0.3977373917257787,17302387.420998164,0.1195876876118482,0.36876879837219345,0.11195413066878689,1.0,0.41932369658826973,1.0,1.1074315650467716
2,0,1,0,0,0.3871296231478164,0.059632030749743735,6.850969614929351,0.025352359848925237,0.21992602029868993,3.0867130779986,0.07482142583303197,90.91495733281373,17018027045.760658,0.0008522828200168014,0.48163861980420464,1.2143968725605157,0.5535636595159731,0.46188055226170543,19517512.17600825,0.1532163625683581,0.3940077740159763,0.1414265174931138,1.0,0.43623207450935325,1.0,1.2143968725605157
0,1,0,1,0,1.9832698095741812,0.03783266109251907,7.5066197171976015,0.012654549968054749,0.1930745408664579,3.8577789108436695,0.5607268384633197,91.6019147734438,9681295920.794338,0.0,0.49193450097238933,1.4406487317290133,0.6531651618948433,0.542299915583693,23497112.651553106,0.21331236435655843,0.35993307757037596,0.1906957818005861,1.0,0.4848441255971297,1.0,1.4406487317290133
0,1,0,0,0,0.28505935761447776,0.037414965088539906,3.240984350291085,0.06647870095685407,3.1121936369664525,1.6127182471175643,0.3866708142696046,73.6643194801778,9703084687.325916,0.0005914642970460057,0.7358019734286403,1.4913731832131787,0.43483196874642477,0.29834852122016126,216378.91334665002,0.09453942052194587,0.6993245529041872,0.08737982316774612,1.0,0.4318579605437752,1.0,1.4913731832131787
0,2,1,3,0,2.3394553732038688,0.09625942187578447,8.368409340639712,0.05830418587420278,7.800701848415845,3.837650984594239,0.06824063009357535,100.28746654310785,13508110960.591564,0.0013322653274997864,0.7976588450173298,1.703962264803939,0.45725394263637426,0.32067674356001175,147335.5883953217,0.10454058402825432,0.815629733032052,0.09604614173884292,1.0,0.545835379936086,1.0,1.703962264803939
5,2,1,1,0,2.4490060164046006,0.09092661057033982,5.770176220888958,0.001777755511858263,6.517054034719148,1.5873506768523264,0.7828528038555004,72.62235668765292,10992632186.226496,0.0,0.6800193472231263,2.0807349172320406,0.6928181567949767,0.5825509986694075,24529422.589481585,0.23999849919239444,0.6397869988915612,0.2130420249907392,1.0,0.36874824628306,1.0,2.0807349172320406
