folder,primary_csv,fitness,comp_idx,delta_sfe,imf_idx,imf_upper,infall_1,infall_2,mgal,nb,sfe,sigma_2,sn1a_idx,sn1ar_idx,sy_idx,t_1,t_2
bc_combined_MDF,simulation_results.csv,7.92392854857082e-08,3.0,0.4188576108410321,1.0,76.40498108062735,0.0284417810509563,2.752896752386272,11313249636.822271,0.0007732848921879,8.552809425910105,3.8656999502474094,1.0,2.0,3.0,0.0644710490692062,8.920513396313412
bc_medbow_nu_F_MDF,simulation_results_gen_30.csv,0.0003179410492104,0.0,0.3419014226289463,1.0,71.04859833560772,0.0184876055022955,0.7169814051649045,17471590364.29562,0.0,5.63614777740377,0.4740593351921801,1.0,0.0,2.0,0.0909041994627639,3.628175669843184
bc_medbow_nu_MDF,simulation_results_gen_68.csv,7.92392854857082e-08,3.0,0.4188576108410321,1.0,76.40498108062735,0.0284417810509563,2.752896752386272,11313249636.822271,0.0007732848921879,8.552809425910105,3.8656999502474094,1.0,2.0,3.0,0.0644710490692062,8.920513396313412
bc_medbow_nu_SS_MDF,simulation_results_gen_130.csv,0.0002048139603067,1.0,0.5063215297371761,1.0,64.7189559672381,0.086795168072652,4.999443248210814,10955590868.941433,0.0006046692996813,6.397522676986583,1.9098698028652188,1.0,0.0,1.0,0.0992107006360563,8.389316058017723
bc_medbow_nu_S_MDF,simulation_results_gen_88.csv,6.362942475791943e-06,2.0,0.4603868263474113,1.0,71.57546759128459,0.0491095541135196,0.1446822101526284,18176061676.19309,0.0005701723787682,4.3879164279692295,3.390543118787296,0.0,2.0,3.0,0.0187389562307189,7.071410034366852
bc_medbow_nu_lF_MDF,simulation_results_gen_5.csv,0.0007829229742574,1.0,0.1645528043796689,1.0,85.81527210583964,0.0238570207153089,2.275443640391926,16275614676.845415,0.0009121598177043,13.880323802580625,0.3868598335656589,0.0,0.0,2.0,0.0712039001100667,8.458155064139216
bc_medbow_nu_lSS_MDF,simulation_results_gen_80.csv,0.0008150889697369,1.0,0.5625847202373779,1.0,90.7449058585138,0.0609135082696071,6.5572816197146215,11094249351.296412,0.0005904211223887,5.388371973611718,2.0086339834439,1.0,0.0,1.0,0.0731886630747243,4.086161564502594
bc_medbow_nu_lS_MDF,simulation_results_gen_31.csv,8.561190535997099e-06,5.0,0.2430722510181529,2.0,107.9458616277389,0.0379375527316358,4.131612293150383,13806900743.438272,0.0013320778207213,5.18367595409433,4.978429418445357,1.0,2.0,3.0,0.0606859306124241,8.640759212846822
bc_medbow_nu_l_MDF,simulation_results_gen_24.csv,4.060229104228351e-05,3.0,0.1061631546572669,1.0,82.35642117146301,0.0041202559776981,9.40529040072832,19255828271.74608,0.0,5.908805575291211,4.163390876252572,1.0,0.0,3.0,0.0762491516843835,8.461373400907474
